{
  "completed": true,
  "label": "baseline_T1000",
  "times": [
    0.0,
    10.000000000000007,
    20.00000000000015,
    30.00000000000029,
    39.999999999999865,
    49.9999999999993,
    59.99999999999873,
    69.99999999999817,
    79.9999999999976,
    89.99999999999703,
    99.99999999999646,
    109.9999999999959,
    119.99999999999532,
    129.9999999999953,
    139.99999999999758,
    149.99999999999986,
    160.00000000000213,
    170.0000000000044,
    180.00000000000668,
    190.00000000000895,
    200.00000000001123,
    210.0000000000135,
    220.00000000001577,
    230.00000000001805,
    240.00000000002032,
    250.0000000000226,
    260.00000000002484,
    270.0000000000271,
    280.0000000000294,
    290.00000000003166,
    300.00000000003394,
    310.0000000000362,
    320.0000000000385,
    330.00000000004076,
    340.00000000004303,
    350.0000000000453,
    360.0000000000476,
    370.00000000004985,
    380.0000000000521,
    390.0000000000544,
    400.0000000000567,
    410.00000000005895,
    420.0000000000612,
    430.0000000000635,
    440.00000000006577,
    450.00000000006804,
    460.0000000000703,
    470.0000000000726,
    480.00000000007486,
    490.00000000007714,
    500.0000000000794,
    510.0000000000817,
    520.0000000000748,
    530.0000000000657,
    540.0000000000566,
    550.0000000000475,
    560.0000000000384,
    570.0000000000293,
    580.0000000000202,
    590.0000000000111,
    600.000000000002,
    609.999999999993,
    619.9999999999839,
    629.9999999999748,
    639.9999999999657,
    649.9999999999566,
    659.9999999999475,
    669.9999999999384,
    679.9999999999293,
    689.9999999999202,
    699.9999999999111,
    709.999999999902,
    719.9999999998929,
    729.9999999998838,
    739.9999999998747,
    749.9999999998656,
    759.9999999998565,
    769.9999999998474,
    779.9999999998383,
    789.9999999998292,
    799.9999999998201,
    809.999999999811,
    819.999999999802,
    829.9999999997929,
    839.9999999997838,
    849.9999999997747,
    859.9999999997656,
    869.9999999997565,
    879.9999999997474,
    889.9999999997383,
    899.9999999997292,
    909.9999999997201,
    919.999999999711,
    929.9999999997019,
    939.9999999996928,
    949.9999999996837,
    959.9999999996746,
    969.9999999996655,
    979.9999999996564,
    989.9999999996473,
    999.9999999996382
  ],
  "E_single": [
    13.461782355144003,
    13.463737940547697,
    13.463726500471545,
    13.463746871948626,
    13.463780634404102,
    13.463703532897007,
    13.463736034773266,
    13.463779872617845,
    13.463757583773916,
    13.463781350177102,
    13.463752627869884,
    13.464004497300458,
    13.463506036896014,
    13.463594628545344,
    13.46380833508336,
    13.463695283753744,
    13.463908879525558,
    13.463976930611153,
    13.463832423882462,
    13.463671260115769,
    13.463846729105835,
    13.463768070946283,
    13.463798430911517,
    13.463724606548386,
    13.463707403866998,
    13.46374076421141,
    13.46374311891598,
    13.463587920389205,
    13.46385623552893,
    13.46376910715298,
    13.463721477646164,
    13.463476296439271,
    13.463668622563288,
    13.463528564125324,
    13.46385786812514,
    13.463764269902093,
    13.463554418712793,
    13.463458481532044,
    13.463478638501332,
    13.463780565527296,
    13.463771652027896,
    13.463725075145508,
    13.463801634919976,
    13.463596624644765,
    13.464013955242724,
    13.463606732969787,
    13.463251196311099,
    13.464127010679086,
    13.464228289274118,
    13.4639007493142,
    13.46381472407115,
    13.463845759171946,
    13.464088165579172,
    13.463933427392254,
    13.463418946658777,
    13.463786544458522,
    13.463485866413446,
    13.463876298796544,
    13.46328323553389,
    13.463627912745963,
    13.463629622571919,
    13.463864197200053,
    13.463898719197163,
    13.463925913992988,
    13.463719811979328,
    13.46345836989962,
    13.46354541232877,
    13.463670035199737,
    13.463658021817825,
    13.463491157662796,
    13.463599737863941,
    13.46360219446968,
    13.463570516000804,
    13.463573300352607,
    13.46377777188982,
    13.463598008210024,
    13.463734040267848,
    13.463413185228404,
    13.463734172942662,
    13.46359445145709,
    13.463745532982577,
    13.463718494864043,
    13.463458571837574,
    13.463511581956347,
    13.463774344234057,
    13.463769583582419,
    13.46393506512826,
    13.463553641541473,
    13.464122224630545,
    13.463337626036418,
    13.463976938219359,
    13.46329880819615,
    13.463173620131023,
    13.46405905862262,
    13.463837949286622,
    13.46323104946504,
    13.46327368976426,
    13.4633178363217,
    13.463850430208169,
    13.463808491354895,
    13.463824171156059
  ],
  "max_amplitude": [
    0.5,
    0.11513249580634977,
    0.08633051224904886,
    0.043627929574187145,
    0.027084612995564385,
    0.020929925474827162,
    0.021660742730922687,
    0.02677469422928294,
    0.03501079332433651,
    0.034753775574623995,
    0.03734275782359557,
    0.04041956164564193,
    0.04520747625958907,
    0.029659106951463992,
    0.05078020149350064,
    0.060763416905043104,
    0.059332169832330944,
    0.034580174925740274,
    0.035940901421785125,
    0.041083177294086747,
    0.04576031802132386,
    0.07587563168979308,
    0.09687034903510101,
    0.1123787548244743,
    0.06061481578699743,
    0.046811182287153634,
    0.047728956545455684,
    0.035041103812033535,
    0.03164493440180832,
    0.05510401886763133,
    0.05364999469611269,
    0.05815307978395209,
    0.04141518334036924,
    0.03695979837215762,
    0.049261402473672763,
    0.056085863491034366,
    0.04825030485283717,
    0.03432953658055635,
    0.02829697018193407,
    0.0510625012944499,
    0.08800608529850636,
    0.0634146290084825,
    0.09596491489349178,
    0.19598385155800516,
    0.054014897692790324,
    0.19810406271214615,
    0.11558624746979679,
    0.03210472598038616,
    0.09365462307513552,
    0.12521607024254508,
    0.0999707158637236,
    0.09164349287250712,
    0.03606097769768085,
    0.028536885999786238,
    0.04941273606580261,
    0.04106371060632524,
    0.05476635187875259,
    0.04321255597950528,
    0.03301124924890322,
    0.039934099173912524,
    0.0434979232355316,
    0.04141867958260168,
    0.050836050589012236,
    0.07874059226163713,
    0.06201176191408601,
    0.06855820974550804,
    0.060889199307509204,
    0.057835623128313134,
    0.04995617186123238,
    0.04752775915197127,
    0.04621543180616329,
    0.06700708534234949,
    0.04698635318432762,
    0.042089968496715535,
    0.044115568913535956,
    0.06749978438760307,
    0.036661806725959784,
    0.036018439345265066,
    0.039724950036020876,
    0.06374644665338562,
    0.035880671630412926,
    0.041688042088124315,
    0.08684780767926083,
    0.0910938699327887,
    0.04491204011736078,
    0.173630995070481,
    0.06355048003198557,
    0.12067174536059788,
    0.10904485460229063,
    0.11988638438866522,
    0.02744156674115313,
    0.1358378790284203,
    0.09389971241079713,
    0.022383511032860567,
    0.08176955744785053,
    0.1060336766329278,
    0.09485556473492913,
    0.06327154700486404,
    0.03390263359555635,
    0.043633358211637524,
    0.0352905648896002
  ],
  "E0": 13.461782355144003,
  "energy_drift_pct": 0.00015167501287644228,
  "wall_time_seconds": 810.5371219160152
}