{
  "baseline": {
    "E_single_T0": 13.461782355144003,
    "E_single_T500": 13.46381472407115,
    "amplitude_T0": 0.5,
    "amplitude_T500": 0.0999707158637236
  },
  "oct_configs": [
    {
      "name": "all_same",
      "f_cross": 0.0,
      "cross_edges": 0,
      "phases": [
        0.0,
        0.0,
        0.0,
        0.0,
        0.0,
        0.0
      ],
      "E_total_T0": 145.359610734455,
      "E_total_T500": 145.36653634773506,
      "E_bind_T0": 64.58891660359099,
      "E_bind_T500": 64.58364800330816,
      "E_bind_static": 64.58891660359099,
      "paper_Ebind": 154.51,
      "amplitude_T500": 0.06695068570533244
    },
    {
      "name": "single_flip",
      "f_cross": 0.3333333333333333,
      "cross_edges": 4,
      "phases": [
        0.0,
        0.0,
        0.0,
        0.0,
        0.0,
        3.141592653589793
      ],
      "E_total_T0": 102.26815512629052,
      "E_total_T500": 102.27850810090598,
      "E_bind_T0": 21.497460995426508,
      "E_bind_T500": 21.495619756479073,
      "E_bind_static": 21.497460995426508,
      "paper_Ebind": 51.65,
      "amplitude_T500": 0.22787245311779505
    },
    {
      "name": "polarized",
      "f_cross": 0.5,
      "cross_edges": 6,
      "phases": [
        0.0,
        3.141592653589793,
        0.0,
        3.141592653589793,
        0.0,
        3.141592653589793
      ],
      "E_total_T0": 77.86631395035634,
      "E_total_T500": 77.87880585888516,
      "E_bind_T0": -2.9043801805076725,
      "E_bind_T500": -2.9040824855417497,
      "E_bind_static": -2.9043801805076725,
      "paper_Ebind": -32.01,
      "amplitude_T500": 0.12378389052865603
    },
    {
      "name": "balanced",
      "f_cross": 0.6666666666666666,
      "cross_edges": 8,
      "phases": [
        0.0,
        0.0,
        0.0,
        3.141592653589793,
        3.141592653589793,
        3.141592653589793
      ],
      "E_total_T0": 60.9473931249259,
      "E_total_T500": 60.960795934545075,
      "E_bind_T0": -19.823301005938113,
      "E_bind_T500": -19.822092409881833,
      "E_bind_static": -19.823301005938113,
      "paper_Ebind": -5.45,
      "amplitude_T500": 0.15448991353504493
    }
  ],
  "derived": {
    "f_star": 0.4801631289271748,
    "f_star_old": 0.484,
    "ising_A": 25.307282281096022,
    "ising_R": 1.9416327522983656,
    "ising_R_old": 2.17,
    "iron_peak_Ebind_per_N": -0.48401374759029164,
    "iron_peak_Ebind_per_N_old": -3.3
  }
}